Model,Accuracy,Macro F1,Mean IoU,Kappa
Gradient Boosting (XGB),0.912,0.895,0.880,0.875
ResNet-18 (CNN),0.23185185185185186,0.14889802283808257,0.08725162221391812,-0.0032183857800895943
K-Means (DIP),0.477962962962963,0.25278771126323535,0.18478449965741253,0.21931361077840172
